DATAFLOW,LAST UPDATE,freq,indic_de,geo,TIME_PERIOD,OBS_VALUE,OBS_FLAG,CONF_STATUS
ESTAT:TPS00204(1.0),12/05/25 23:00:00,Annual,Live births - number,Andorra,2012,737,,
ESTAT:TPS00204(1.0),12/05/25 23:00:00,Annual,Live births - number,Andorra,2016,634,,
ESTAT:TPS00204(1.0),12/05/25 23:00:00,Annual,Live births - number,Andorra,2018,543,,
ESTAT:TPS00204(1.0),12/05/25 23:00:00,Annual,Live births - number,Andorra,2019,539,,
ESTAT:TPS00204(1.0),12/05/25 23:00:00,Annual,Live births - number,Andorra,2021,503,,
ESTAT:TPS00204(1.0),12/05/25 23:00:00,Annual,Live births - number,Andorra,2022,502,,
ESTAT:TPS00204(1.0),12/05/25 23:00:00,Annual,Live births - number,Andorra,2023,458,,
ESTAT:TPS00204(1.0),12/05/25 23:00:00,Annual,Live births - number,Albania,2012,35473,,
ESTAT:TPS00204(1.0),12/05/25 23:00:00,Annual,Live births - number,Albania,2013,35750,,
ESTAT:TPS00204(1.0),12/05/25 23:00:00,Annual,Live births - number,Albania,2014,35760,,
ESTAT:TPS00204(1.0),12/05/25 23:00:00,Annual,Live births - number,Albania,2015,32715,,
ESTAT:TPS00204(1.0),12/05/25 23:00:00,Annual,Live births - number,Albania,2016,31733,,
ESTAT:TPS00204(1.0),12/05/25 23:00:00,Annual,Live births - number,Albania,2017,30869,,
ESTAT:TPS00204(1.0),12/05/25 23:00:00,Annual,Live births - number,Albania,2018,28934,,
ESTAT:TPS00204(1.0),12/05/25 23:00:00,Annual,Live births - number,Albania,2019,28561,,
ESTAT:TPS00204(1.0),12/05/25 23:00:00,Annual,Live births - number,Albania,2020,28075,,
ESTAT:TPS00204(1.0),12/05/25 23:00:00,Annual,Live births - number,Albania,2021,27211,,
ESTAT:TPS00204(1.0),12/05/25 23:00:00,Annual,Live births - number,Albania,2022,24688,,
ESTAT:TPS00204(1.0),12/05/25 23:00:00,Annual,Live births - number,Albania,2023,23617,,
ESTAT:TPS00204(1.0),12/05/25 23:00:00,Annual,Live births - number,Armenia,2013,41790,,
ESTAT:TPS00204(1.0),12/05/25 23:00:00,Annual,Live births - number,Armenia,2014,43031,,
ESTAT:TPS00204(1.0),12/05/25 23:00:00,Annual,Live births - number,Armenia,2015,41763,,
ESTAT:TPS00204(1.0),12/05/25 23:00:00,Annual,Live births - number,Armenia,2016,40592,,
ESTAT:TPS00204(1.0),12/05/25 23:00:00,Annual,Live births - number,Armenia,2017,37700,,
ESTAT:TPS00204(1.0),12/05/25 23:00:00,Annual,Live births - number,Armenia,2018,36574,,
ESTAT:TPS00204(1.0),12/05/25 23:00:00,Annual,Live births - number,Armenia,2019,36041,,
ESTAT:TPS00204(1.0),12/05/25 23:00:00,Annual,Live births - number,Armenia,2020,36353,,
ESTAT:TPS00204(1.0),12/05/25 23:00:00,Annual,Live births - number,Armenia,2022,36375,,
ESTAT:TPS00204(1.0),12/05/25 23:00:00,Annual,Live births - number,Armenia,2023,36590,,
ESTAT:TPS00204(1.0),12/05/25 23:00:00,Annual,Live births - number,Austria,2012,78952,,
ESTAT:TPS00204(1.0),12/05/25 23:00:00,Annual,Live births - number,Austria,2013,79330,,
ESTAT:TPS00204(1.0),12/05/25 23:00:00,Annual,Live births - number,Austria,2014,81722,,
ESTAT:TPS00204(1.0),12/05/25 23:00:00,Annual,Live births - number,Austria,2015,84381,,
ESTAT:TPS00204(1.0),12/05/25 23:00:00,Annual,Live births - number,Austria,2016,87675,,
ESTAT:TPS00204(1.0),12/05/25 23:00:00,Annual,Live births - number,Austria,2017,87633,,
ESTAT:TPS00204(1.0),12/05/25 23:00:00,Annual,Live births - number,Austria,2018,85535,,
ESTAT:TPS00204(1.0),12/05/25 23:00:00,Annual,Live births - number,Austria,2019,84952,,
ESTAT:TPS00204(1.0),12/05/25 23:00:00,Annual,Live births - number,Austria,2020,83603,,
ESTAT:TPS00204(1.0),12/05/25 23:00:00,Annual,Live births - number,Austria,2021,86078,,
ESTAT:TPS00204(1.0),12/05/25 23:00:00,Annual,Live births - number,Austria,2022,82627,,
ESTAT:TPS00204(1.0),12/05/25 23:00:00,Annual,Live births - number,Austria,2023,77605,,
ESTAT:TPS00204(1.0),12/05/25 23:00:00,Annual,Live births - number,Azerbaijan,2012,174469,,
ESTAT:TPS00204(1.0),12/05/25 23:00:00,Annual,Live births - number,Azerbaijan,2013,172671,,
ESTAT:TPS00204(1.0),12/05/25 23:00:00,Annual,Live births - number,Azerbaijan,2014,170503,,
ESTAT:TPS00204(1.0),12/05/25 23:00:00,Annual,Live births - number,Azerbaijan,2015,166210,,
ESTAT:TPS00204(1.0),12/05/25 23:00:00,Annual,Live births - number,Azerbaijan,2016,159464,,
ESTAT:TPS00204(1.0),12/05/25 23:00:00,Annual,Live births - number,Azerbaijan,2017,144041,,
ESTAT:TPS00204(1.0),12/05/25 23:00:00,Annual,Live births - number,Azerbaijan,2018,138982,,
ESTAT:TPS00204(1.0),12/05/25 23:00:00,Annual,Live births - number,Azerbaijan,2019,141179,,
ESTAT:TPS00204(1.0),12/05/25 23:00:00,Annual,Live births - number,Azerbaijan,2020,126571,,
ESTAT:TPS00204(1.0),12/05/25 23:00:00,Annual,Live births - number,Azerbaijan,2021,112284,,
ESTAT:TPS00204(1.0),12/05/25 23:00:00,Annual,Live births - number,Azerbaijan,2022,122846,,
ESTAT:TPS00204(1.0),12/05/25 23:00:00,Annual,Live births - number,Azerbaijan,2023,112620,,
ESTAT:TPS00204(1.0),12/05/25 23:00:00,Annual,Live births - number,Bosnia and Herzegovina,2012,32547,,
ESTAT:TPS00204(1.0),12/05/25 23:00:00,Annual,Live births - number,Bosnia and Herzegovina,2013,30684,,
ESTAT:TPS00204(1.0),12/05/25 23:00:00,Annual,Live births - number,Bosnia and Herzegovina,2014,29247,,
ESTAT:TPS00204(1.0),12/05/25 23:00:00,Annual,Live births - number,Bosnia and Herzegovina,2016,29276,,
ESTAT:TPS00204(1.0),12/05/25 23:00:00,Annual,Live births - number,Bosnia and Herzegovina,2017,29158,,
ESTAT:TPS00204(1.0),12/05/25 23:00:00,Annual,Live births - number,Bosnia and Herzegovina,2018,29467,,
ESTAT:TPS00204(1.0),12/05/25 23:00:00,Annual,Live births - number,Bosnia and Herzegovina,2022,26687,,
ESTAT:TPS00204(1.0),12/05/25 23:00:00,Annual,Live births - number,Bosnia and Herzegovina,2023,24938,p,
ESTAT:TPS00204(1.0),12/05/25 23:00:00,Annual,Live births - number,Belgium,2012,128051,,
ESTAT:TPS00204(1.0),12/05/25 23:00:00,Annual,Live births - number,Belgium,2013,125606,,
ESTAT:TPS00204(1.0),12/05/25 23:00:00,Annual,Live births - number,Belgium,2014,125014,,
ESTAT:TPS00204(1.0),12/05/25 23:00:00,Annual,Live births - number,Belgium,2015,122274,,
ESTAT:TPS00204(1.0),12/05/25 23:00:00,Annual,Live births - number,Belgium,2016,121896,,
ESTAT:TPS00204(1.0),12/05/25 23:00:00,Annual,Live births - number,Belgium,2017,119690,,
ESTAT:TPS00204(1.0),12/05/25 23:00:00,Annual,Live births - number,Belgium,2018,118319,,
ESTAT:TPS00204(1.0),12/05/25 23:00:00,Annual,Live births - number,Belgium,2019,117695,,
ESTAT:TPS00204(1.0),12/05/25 23:00:00,Annual,Live births - number,Belgium,2020,114350,,
ESTAT:TPS00204(1.0),12/05/25 23:00:00,Annual,Live births - number,Belgium,2021,118349,,
ESTAT:TPS00204(1.0),12/05/25 23:00:00,Annual,Live births - number,Belgium,2022,114095,,
ESTAT:TPS00204(1.0),12/05/25 23:00:00,Annual,Live births - number,Belgium,2023,110785,,
ESTAT:TPS00204(1.0),12/05/25 23:00:00,Annual,Live births - number,Bulgaria,2012,69121,,
ESTAT:TPS00204(1.0),12/05/25 23:00:00,Annual,Live births - number,Bulgaria,2013,66578,,
ESTAT:TPS00204(1.0),12/05/25 23:00:00,Annual,Live births - number,Bulgaria,2014,67585,,
ESTAT:TPS00204(1.0),12/05/25 23:00:00,Annual,Live births - number,Bulgaria,2015,65950,,
ESTAT:TPS00204(1.0),12/05/25 23:00:00,Annual,Live births - number,Bulgaria,2016,64984,,
ESTAT:TPS00204(1.0),12/05/25 23:00:00,Annual,Live births - number,Bulgaria,2017,63955,,
ESTAT:TPS00204(1.0),12/05/25 23:00:00,Annual,Live births - number,Bulgaria,2018,62197,,
ESTAT:TPS00204(1.0),12/05/25 23:00:00,Annual,Live births - number,Bulgaria,2019,61538,,
ESTAT:TPS00204(1.0),12/05/25 23:00:00,Annual,Live births - number,Bulgaria,2020,59086,,
ESTAT:TPS00204(1.0),12/05/25 23:00:00,Annual,Live births - number,Bulgaria,2021,58678,,
ESTAT:TPS00204(1.0),12/05/25 23:00:00,Annual,Live births - number,Bulgaria,2022,56596,,
ESTAT:TPS00204(1.0),12/05/25 23:00:00,Annual,Live births - number,Bulgaria,2023,57197,,
ESTAT:TPS00204(1.0),12/05/25 23:00:00,Annual,Live births - number,Belarus,2012,115893,,
ESTAT:TPS00204(1.0),12/05/25 23:00:00,Annual,Live births - number,Belarus,2013,117997,,
ESTAT:TPS00204(1.0),12/05/25 23:00:00,Annual,Live births - number,Belarus,2014,118534,,
ESTAT:TPS00204(1.0),12/05/25 23:00:00,Annual,Live births - number,Belarus,2015,119028,,
ESTAT:TPS00204(1.0),12/05/25 23:00:00,Annual,Live births - number,Belarus,2016,117779,,
ESTAT:TPS00204(1.0),12/05/25 23:00:00,Annual,Live births - number,Belarus,2017,102556,,
ESTAT:TPS00204(1.0),12/05/25 23:00:00,Annual,Live births - number,Belarus,2018,94042,,
ESTAT:TPS00204(1.0),12/05/25 23:00:00,Annual,Live births - number,Belarus,2019,87602,,
ESTAT:TPS00204(1.0),12/05/25 23:00:00,Annual,Live births - number,Switzerland,2012,82164,,
ESTAT:TPS00204(1.0),12/05/25 23:00:00,Annual,Live births - number,Switzerland,2013,82731,,
ESTAT:TPS00204(1.0),12/05/25 23:00:00,Annual,Live births - number,Switzerland,2014,85287,,
ESTAT:TPS00204(1.0),12/05/25 23:00:00,Annual,Live births - number,Switzerland,2015,86559,,
ESTAT:TPS00204(1.0),12/05/25 23:00:00,Annual,Live births - number,Switzerland,2016,87883,,
ESTAT:TPS00204(1.0),12/05/25 23:00:00,Annual,Live births - number,Switzerland,2017,87381,,
ESTAT:TPS00204(1.0),12/05/25 23:00:00,Annual,Live births - number,Switzerland,2018,87851,,
ESTAT:TPS00204(1.0),12/05/25 23:00:00,Annual,Live births - number,Switzerland,2019,86172,,
ESTAT:TPS00204(1.0),12/05/25 23:00:00,Annual,Live births - number,Switzerland,2020,85914,,
ESTAT:TPS00204(1.0),12/05/25 23:00:00,Annual,Live births - number,Switzerland,2021,89644,,
ESTAT:TPS00204(1.0),12/05/25 23:00:00,Annual,Live births - number,Switzerland,2022,82371,,
ESTAT:TPS00204(1.0),12/05/25 23:00:00,Annual,Live births - number,Switzerland,2023,80024,,
ESTAT:TPS00204(1.0),12/05/25 23:00:00,Annual,Live births - number,Cyprus,2012,10161,,
ESTAT:TPS00204(1.0),12/05/25 23:00:00,Annual,Live births - number,Cyprus,2013,9341,,
ESTAT:TPS00204(1.0),12/05/25 23:00:00,Annual,Live births - number,Cyprus,2014,9258,,
ESTAT:TPS00204(1.0),12/05/25 23:00:00,Annual,Live births - number,Cyprus,2015,9170,,
ESTAT:TPS00204(1.0),12/05/25 23:00:00,Annual,Live births - number,Cyprus,2016,9455,,
ESTAT:TPS00204(1.0),12/05/25 23:00:00,Annual,Live births - number,Cyprus,2017,9229,,
ESTAT:TPS00204(1.0),12/05/25 23:00:00,Annual,Live births - number,Cyprus,2018,9329,,
ESTAT:TPS00204(1.0),12/05/25 23:00:00,Annual,Live births - number,Cyprus,2019,9548,,
ESTAT:TPS00204(1.0),12/05/25 23:00:00,Annual,Live births - number,Cyprus,2020,9930,,
ESTAT:TPS00204(1.0),12/05/25 23:00:00,Annual,Live births - number,Cyprus,2021,10309,,
ESTAT:TPS00204(1.0),12/05/25 23:00:00,Annual,Live births - number,Cyprus,2022,10197,,
ESTAT:TPS00204(1.0),12/05/25 23:00:00,Annual,Live births - number,Cyprus,2023,10241,,
ESTAT:TPS00204(1.0),12/05/25 23:00:00,Annual,Live births - number,Czechia,2012,108576,,
ESTAT:TPS00204(1.0),12/05/25 23:00:00,Annual,Live births - number,Czechia,2013,106751,,
ESTAT:TPS00204(1.0),12/05/25 23:00:00,Annual,Live births - number,Czechia,2014,109860,,
ESTAT:TPS00204(1.0),12/05/25 23:00:00,Annual,Live births - number,Czechia,2015,110764,,
ESTAT:TPS00204(1.0),12/05/25 23:00:00,Annual,Live births - number,Czechia,2016,112663,,
ESTAT:TPS00204(1.0),12/05/25 23:00:00,Annual,Live births - number,Czechia,2017,114405,,
ESTAT:TPS00204(1.0),12/05/25 23:00:00,Annual,Live births - number,Czechia,2018,114036,,
ESTAT:TPS00204(1.0),12/05/25 23:00:00,Annual,Live births - number,Czechia,2019,112231,,
ESTAT:TPS00204(1.0),12/05/25 23:00:00,Annual,Live births - number,Czechia,2020,110200,,
ESTAT:TPS00204(1.0),12/05/25 23:00:00,Annual,Live births - number,Czechia,2021,111793,,
ESTAT:TPS00204(1.0),12/05/25 23:00:00,Annual,Live births - number,Czechia,2022,101299,,
ESTAT:TPS00204(1.0),12/05/25 23:00:00,Annual,Live births - number,Czechia,2023,91149,,
ESTAT:TPS00204(1.0),12/05/25 23:00:00,Annual,Live births - number,Germany,2012,673544,,
ESTAT:TPS00204(1.0),12/05/25 23:00:00,Annual,Live births - number,Germany,2013,682069,,
ESTAT:TPS00204(1.0),12/05/25 23:00:00,Annual,Live births - number,Germany,2014,714927,,
ESTAT:TPS00204(1.0),12/05/25 23:00:00,Annual,Live births - number,Germany,2015,737575,,
ESTAT:TPS00204(1.0),12/05/25 23:00:00,Annual,Live births - number,Germany,2016,792141,,
ESTAT:TPS00204(1.0),12/05/25 23:00:00,Annual,Live births - number,Germany,2017,784901,,
ESTAT:TPS00204(1.0),12/05/25 23:00:00,Annual,Live births - number,Germany,2018,787523,,
ESTAT:TPS00204(1.0),12/05/25 23:00:00,Annual,Live births - number,Germany,2019,778090,,
ESTAT:TPS00204(1.0),12/05/25 23:00:00,Annual,Live births - number,Germany,2020,773144,,
ESTAT:TPS00204(1.0),12/05/25 23:00:00,Annual,Live births - number,Germany,2021,795492,,
ESTAT:TPS00204(1.0),12/05/25 23:00:00,Annual,Live births - number,Germany,2022,738819,,
ESTAT:TPS00204(1.0),12/05/25 23:00:00,Annual,Live births - number,Germany,2023,692989,,
ESTAT:TPS00204(1.0),12/05/25 23:00:00,Annual,Live births - number,Denmark,2012,57916,,
ESTAT:TPS00204(1.0),12/05/25 23:00:00,Annual,Live births - number,Denmark,2013,55873,,
ESTAT:TPS00204(1.0),12/05/25 23:00:00,Annual,Live births - number,Denmark,2014,56870,,
ESTAT:TPS00204(1.0),12/05/25 23:00:00,Annual,Live births - number,Denmark,2015,58205,,
ESTAT:TPS00204(1.0),12/05/25 23:00:00,Annual,Live births - number,Denmark,2016,61614,,
ESTAT:TPS00204(1.0),12/05/25 23:00:00,Annual,Live births - number,Denmark,2017,61397,,
ESTAT:TPS00204(1.0),12/05/25 23:00:00,Annual,Live births - number,Denmark,2018,61476,,
ESTAT:TPS00204(1.0),12/05/25 23:00:00,Annual,Live births - number,Denmark,2019,61167,,
ESTAT:TPS00204(1.0),12/05/25 23:00:00,Annual,Live births - number,Denmark,2020,60937,,
ESTAT:TPS00204(1.0),12/05/25 23:00:00,Annual,Live births - number,Denmark,2021,63473,,
ESTAT:TPS00204(1.0),12/05/25 23:00:00,Annual,Live births - number,Denmark,2022,58430,,
ESTAT:TPS00204(1.0),12/05/25 23:00:00,Annual,Live births - number,Denmark,2023,57469,,
ESTAT:TPS00204(1.0),12/05/25 23:00:00,Annual,Live births - number,Euro area - 19 countries  (2015-2022),2012,3348950,b,
ESTAT:TPS00204(1.0),12/05/25 23:00:00,Annual,Live births - number,Euro area - 19 countries  (2015-2022),2013,3271856,,
ESTAT:TPS00204(1.0),12/05/25 23:00:00,Annual,Live births - number,Euro area - 19 countries  (2015-2022),2014,3304265,,
ESTAT:TPS00204(1.0),12/05/25 23:00:00,Annual,Live births - number,Euro area - 19 countries  (2015-2022),2015,3278782,,
ESTAT:TPS00204(1.0),12/05/25 23:00:00,Annual,Live births - number,Euro area - 19 countries  (2015-2022),2016,3300826,,
ESTAT:TPS00204(1.0),12/05/25 23:00:00,Annual,Live births - number,Euro area - 19 countries  (2015-2022),2017,3228828,bep,
ESTAT:TPS00204(1.0),12/05/25 23:00:00,Annual,Live births - number,Euro area - 19 countries  (2015-2022),2018,3169478,,
ESTAT:TPS00204(1.0),12/05/25 23:00:00,Annual,Live births - number,Euro area - 19 countries  (2015-2022),2019,3112868,,
ESTAT:TPS00204(1.0),12/05/25 23:00:00,Annual,Live births - number,Euro area - 19 countries  (2015-2022),2020,3043333,,
ESTAT:TPS00204(1.0),12/05/25 23:00:00,Annual,Live births - number,Euro area - 19 countries  (2015-2022),2021,3085074,,
ESTAT:TPS00204(1.0),12/05/25 23:00:00,Annual,Live births - number,Euro area - 19 countries  (2015-2022),2022,2951533,,
ESTAT:TPS00204(1.0),12/05/25 23:00:00,Annual,Live births - number,Euro area - 19 countries  (2015-2022),2023,2811423,,
ESTAT:TPS00204(1.0),12/05/25 23:00:00,Annual,Live births - number,Euro area – 20 countries (from 2023),2012,3390721,b,
ESTAT:TPS00204(1.0),12/05/25 23:00:00,Annual,Live births - number,Euro area – 20 countries (from 2023),2013,3311795,,
ESTAT:TPS00204(1.0),12/05/25 23:00:00,Annual,Live births - number,Euro area – 20 countries (from 2023),2014,3343831,,
ESTAT:TPS00204(1.0),12/05/25 23:00:00,Annual,Live births - number,Euro area – 20 countries (from 2023),2015,3316285,,
ESTAT:TPS00204(1.0),12/05/25 23:00:00,Annual,Live births - number,Euro area – 20 countries (from 2023),2016,3338363,,
ESTAT:TPS00204(1.0),12/05/25 23:00:00,Annual,Live births - number,Euro area – 20 countries (from 2023),2017,3265384,bep,
ESTAT:TPS00204(1.0),12/05/25 23:00:00,Annual,Live births - number,Euro area – 20 countries (from 2023),2018,3206423,,
ESTAT:TPS00204(1.0),12/05/25 23:00:00,Annual,Live births - number,Euro area – 20 countries (from 2023),2019,3149003,,
ESTAT:TPS00204(1.0),12/05/25 23:00:00,Annual,Live births - number,Euro area – 20 countries (from 2023),2020,3079178,,
ESTAT:TPS00204(1.0),12/05/25 23:00:00,Annual,Live births - number,Euro area – 20 countries (from 2023),2021,3121582,,
ESTAT:TPS00204(1.0),12/05/25 23:00:00,Annual,Live births - number,Euro area – 20 countries (from 2023),2022,2985416,,
ESTAT:TPS00204(1.0),12/05/25 23:00:00,Annual,Live births - number,Euro area – 20 countries (from 2023),2023,2843593,,
ESTAT:TPS00204(1.0),12/05/25 23:00:00,Annual,Live births - number,Estonia,2012,14056,,
ESTAT:TPS00204(1.0),12/05/25 23:00:00,Annual,Live births - number,Estonia,2013,13531,,
ESTAT:TPS00204(1.0),12/05/25 23:00:00,Annual,Live births - number,Estonia,2014,13551,,
ESTAT:TPS00204(1.0),12/05/25 23:00:00,Annual,Live births - number,Estonia,2015,13907,,
ESTAT:TPS00204(1.0),12/05/25 23:00:00,Annual,Live births - number,Estonia,2016,14053,,
ESTAT:TPS00204(1.0),12/05/25 23:00:00,Annual,Live births - number,Estonia,2017,13784,,
ESTAT:TPS00204(1.0),12/05/25 23:00:00,Annual,Live births - number,Estonia,2018,14367,,
ESTAT:TPS00204(1.0),12/05/25 23:00:00,Annual,Live births - number,Estonia,2019,14099,,
ESTAT:TPS00204(1.0),12/05/25 23:00:00,Annual,Live births - number,Estonia,2020,13209,,
ESTAT:TPS00204(1.0),12/05/25 23:00:00,Annual,Live births - number,Estonia,2021,13272,,
ESTAT:TPS00204(1.0),12/05/25 23:00:00,Annual,Live births - number,Estonia,2022,11646,,
ESTAT:TPS00204(1.0),12/05/25 23:00:00,Annual,Live births - number,Estonia,2023,10949,,
ESTAT:TPS00204(1.0),12/05/25 23:00:00,Annual,Live births - number,Greece,2012,100371,,
ESTAT:TPS00204(1.0),12/05/25 23:00:00,Annual,Live births - number,Greece,2013,94134,,
ESTAT:TPS00204(1.0),12/05/25 23:00:00,Annual,Live births - number,Greece,2014,92149,,
ESTAT:TPS00204(1.0),12/05/25 23:00:00,Annual,Live births - number,Greece,2015,91847,,
ESTAT:TPS00204(1.0),12/05/25 23:00:00,Annual,Live births - number,Greece,2016,92898,,
ESTAT:TPS00204(1.0),12/05/25 23:00:00,Annual,Live births - number,Greece,2017,88553,,
ESTAT:TPS00204(1.0),12/05/25 23:00:00,Annual,Live births - number,Greece,2018,86440,,
ESTAT:TPS00204(1.0),12/05/25 23:00:00,Annual,Live births - number,Greece,2019,83763,,
ESTAT:TPS00204(1.0),12/05/25 23:00:00,Annual,Live births - number,Greece,2020,84764,,
ESTAT:TPS00204(1.0),12/05/25 23:00:00,Annual,Live births - number,Greece,2021,85346,,
ESTAT:TPS00204(1.0),12/05/25 23:00:00,Annual,Live births - number,Greece,2022,75921,,
ESTAT:TPS00204(1.0),12/05/25 23:00:00,Annual,Live births - number,Greece,2023,71249,,
ESTAT:TPS00204(1.0),12/05/25 23:00:00,Annual,Live births - number,Spain,2012,453348,,
ESTAT:TPS00204(1.0),12/05/25 23:00:00,Annual,Live births - number,Spain,2013,424440,,
ESTAT:TPS00204(1.0),12/05/25 23:00:00,Annual,Live births - number,Spain,2014,426076,,
ESTAT:TPS00204(1.0),12/05/25 23:00:00,Annual,Live births - number,Spain,2015,418432,,
ESTAT:TPS00204(1.0),12/05/25 23:00:00,Annual,Live births - number,Spain,2016,408734,,
ESTAT:TPS00204(1.0),12/05/25 23:00:00,Annual,Live births - number,Spain,2017,391265,,
ESTAT:TPS00204(1.0),12/05/25 23:00:00,Annual,Live births - number,Spain,2018,370827,,
ESTAT:TPS00204(1.0),12/05/25 23:00:00,Annual,Live births - number,Spain,2019,358747,,
ESTAT:TPS00204(1.0),12/05/25 23:00:00,Annual,Live births - number,Spain,2020,340635,,
ESTAT:TPS00204(1.0),12/05/25 23:00:00,Annual,Live births - number,Spain,2021,336823,,
ESTAT:TPS00204(1.0),12/05/25 23:00:00,Annual,Live births - number,Spain,2022,328704,,
ESTAT:TPS00204(1.0),12/05/25 23:00:00,Annual,Live births - number,Spain,2023,319830,,
ESTAT:TPS00204(1.0),12/05/25 23:00:00,Annual,Live births - number,European Union - 27 countries (from 2020),2012,4417141,b,
ESTAT:TPS00204(1.0),12/05/25 23:00:00,Annual,Live births - number,European Union - 27 countries (from 2020),2013,4302289,,
ESTAT:TPS00204(1.0),12/05/25 23:00:00,Annual,Live births - number,European Union - 27 countries (from 2020),2014,4360234,,
ESTAT:TPS00204(1.0),12/05/25 23:00:00,Annual,Live births - number,European Union - 27 countries (from 2020),2015,4329512,bep,
ESTAT:TPS00204(1.0),12/05/25 23:00:00,Annual,Live births - number,European Union - 27 countries (from 2020),2016,4378440,,
ESTAT:TPS00204(1.0),12/05/25 23:00:00,Annual,Live births - number,European Union - 27 countries (from 2020),2017,4327775,bep,
ESTAT:TPS00204(1.0),12/05/25 23:00:00,Annual,Live births - number,European Union - 27 countries (from 2020),2018,4244353,be,
ESTAT:TPS00204(1.0),12/05/25 23:00:00,Annual,Live births - number,European Union - 27 countries (from 2020),2019,4166236,bep,
ESTAT:TPS00204(1.0),12/05/25 23:00:00,Annual,Live births - number,European Union - 27 countries (from 2020),2020,4069896,,
ESTAT:TPS00204(1.0),12/05/25 23:00:00,Annual,Live births - number,European Union - 27 countries (from 2020),2021,4088494,,
ESTAT:TPS00204(1.0),12/05/25 23:00:00,Annual,Live births - number,European Union - 27 countries (from 2020),2022,3879509,,
ESTAT:TPS00204(1.0),12/05/25 23:00:00,Annual,Live births - number,European Union - 27 countries (from 2020),2023,3669659,,
ESTAT:TPS00204(1.0),12/05/25 23:00:00,Annual,Live births - number,Finland,2012,59493,,
ESTAT:TPS00204(1.0),12/05/25 23:00:00,Annual,Live births - number,Finland,2013,58134,,
ESTAT:TPS00204(1.0),12/05/25 23:00:00,Annual,Live births - number,Finland,2014,57232,,
ESTAT:TPS00204(1.0),12/05/25 23:00:00,Annual,Live births - number,Finland,2015,55472,,
ESTAT:TPS00204(1.0),12/05/25 23:00:00,Annual,Live births - number,Finland,2016,52814,,
ESTAT:TPS00204(1.0),12/05/25 23:00:00,Annual,Live births - number,Finland,2017,50321,,
ESTAT:TPS00204(1.0),12/05/25 23:00:00,Annual,Live births - number,Finland,2018,47577,,
ESTAT:TPS00204(1.0),12/05/25 23:00:00,Annual,Live births - number,Finland,2019,45613,,
ESTAT:TPS00204(1.0),12/05/25 23:00:00,Annual,Live births - number,Finland,2020,46463,,
ESTAT:TPS00204(1.0),12/05/25 23:00:00,Annual,Live births - number,Finland,2021,49594,,
ESTAT:TPS00204(1.0),12/05/25 23:00:00,Annual,Live births - number,Finland,2022,44951,,
ESTAT:TPS00204(1.0),12/05/25 23:00:00,Annual,Live births - number,Finland,2023,43383,,
ESTAT:TPS00204(1.0),12/05/25 23:00:00,Annual,Live births - number,France,2012,821844,,
ESTAT:TPS00204(1.0),12/05/25 23:00:00,Annual,Live births - number,France,2013,812343,,
ESTAT:TPS00204(1.0),12/05/25 23:00:00,Annual,Live births - number,France,2014,819328,,
ESTAT:TPS00204(1.0),12/05/25 23:00:00,Annual,Live births - number,France,2015,799671,,
ESTAT:TPS00204(1.0),12/05/25 23:00:00,Annual,Live births - number,France,2016,784325,,
ESTAT:TPS00204(1.0),12/05/25 23:00:00,Annual,Live births - number,France,2017,770045,,
ESTAT:TPS00204(1.0),12/05/25 23:00:00,Annual,Live births - number,France,2018,759199,,
ESTAT:TPS00204(1.0),12/05/25 23:00:00,Annual,Live births - number,France,2019,754008,,
ESTAT:TPS00204(1.0),12/05/25 23:00:00,Annual,Live births - number,France,2020,735775,,
ESTAT:TPS00204(1.0),12/05/25 23:00:00,Annual,Live births - number,France,2021,742602,,
ESTAT:TPS00204(1.0),12/05/25 23:00:00,Annual,Live births - number,France,2022,726533,,
ESTAT:TPS00204(1.0),12/05/25 23:00:00,Annual,Live births - number,France,2023,678333,,
ESTAT:TPS00204(1.0),12/05/25 23:00:00,Annual,Live births - number,Metropolitan France,2012,790290,,
ESTAT:TPS00204(1.0),12/05/25 23:00:00,Annual,Live births - number,Metropolitan France,2013,780000,e,
ESTAT:TPS00204(1.0),12/05/25 23:00:00,Annual,Live births - number,Georgia,2013,57878,,
ESTAT:TPS00204(1.0),12/05/25 23:00:00,Annual,Live births - number,Georgia,2014,60635,,
ESTAT:TPS00204(1.0),12/05/25 23:00:00,Annual,Live births - number,Georgia,2015,59249,,
ESTAT:TPS00204(1.0),12/05/25 23:00:00,Annual,Live births - number,Georgia,2016,56569,,
ESTAT:TPS00204(1.0),12/05/25 23:00:00,Annual,Live births - number,Georgia,2017,53293,,
ESTAT:TPS00204(1.0),12/05/25 23:00:00,Annual,Live births - number,Georgia,2018,51138,,
ESTAT:TPS00204(1.0),12/05/25 23:00:00,Annual,Live births - number,Georgia,2019,48296,,
ESTAT:TPS00204(1.0),12/05/25 23:00:00,Annual,Live births - number,Georgia,2020,46520,,
ESTAT:TPS00204(1.0),12/05/25 23:00:00,Annual,Live births - number,Georgia,2021,45946,,
ESTAT:TPS00204(1.0),12/05/25 23:00:00,Annual,Live births - number,Georgia,2022,42319,,
ESTAT:TPS00204(1.0),12/05/25 23:00:00,Annual,Live births - number,Georgia,2023,40214,,
ESTAT:TPS00204(1.0),12/05/25 23:00:00,Annual,Live births - number,Croatia,2012,41771,,
ESTAT:TPS00204(1.0),12/05/25 23:00:00,Annual,Live births - number,Croatia,2013,39939,,
ESTAT:TPS00204(1.0),12/05/25 23:00:00,Annual,Live births - number,Croatia,2014,39566,,
ESTAT:TPS00204(1.0),12/05/25 23:00:00,Annual,Live births - number,Croatia,2015,37503,,
ESTAT:TPS00204(1.0),12/05/25 23:00:00,Annual,Live births - number,Croatia,2016,37537,,
ESTAT:TPS00204(1.0),12/05/25 23:00:00,Annual,Live births - number,Croatia,2017,36556,,
ESTAT:TPS00204(1.0),12/05/25 23:00:00,Annual,Live births - number,Croatia,2018,36945,,
ESTAT:TPS00204(1.0),12/05/25 23:00:00,Annual,Live births - number,Croatia,2019,36135,,
ESTAT:TPS00204(1.0),12/05/25 23:00:00,Annual,Live births - number,Croatia,2020,35845,,
ESTAT:TPS00204(1.0),12/05/25 23:00:00,Annual,Live births - number,Croatia,2021,36508,,
ESTAT:TPS00204(1.0),12/05/25 23:00:00,Annual,Live births - number,Croatia,2022,33883,,
ESTAT:TPS00204(1.0),12/05/25 23:00:00,Annual,Live births - number,Croatia,2023,32170,,
ESTAT:TPS00204(1.0),12/05/25 23:00:00,Annual,Live births - number,Hungary,2012,90269,,
ESTAT:TPS00204(1.0),12/05/25 23:00:00,Annual,Live births - number,Hungary,2013,89524,,
ESTAT:TPS00204(1.0),12/05/25 23:00:00,Annual,Live births - number,Hungary,2014,93281,,
ESTAT:TPS00204(1.0),12/05/25 23:00:00,Annual,Live births - number,Hungary,2015,92135,,
ESTAT:TPS00204(1.0),12/05/25 23:00:00,Annual,Live births - number,Hungary,2016,95361,,
ESTAT:TPS00204(1.0),12/05/25 23:00:00,Annual,Live births - number,Hungary,2017,94646,,
ESTAT:TPS00204(1.0),12/05/25 23:00:00,Annual,Live births - number,Hungary,2018,93467,,
ESTAT:TPS00204(1.0),12/05/25 23:00:00,Annual,Live births - number,Hungary,2019,93100,,
ESTAT:TPS00204(1.0),12/05/25 23:00:00,Annual,Live births - number,Hungary,2020,93807,,
ESTAT:TPS00204(1.0),12/05/25 23:00:00,Annual,Live births - number,Hungary,2021,94003,,
ESTAT:TPS00204(1.0),12/05/25 23:00:00,Annual,Live births - number,Hungary,2022,89669,,
ESTAT:TPS00204(1.0),12/05/25 23:00:00,Annual,Live births - number,Hungary,2023,87671,,
ESTAT:TPS00204(1.0),12/05/25 23:00:00,Annual,Live births - number,Ireland,2012,71674,,
ESTAT:TPS00204(1.0),12/05/25 23:00:00,Annual,Live births - number,Ireland,2013,68954,,
ESTAT:TPS00204(1.0),12/05/25 23:00:00,Annual,Live births - number,Ireland,2014,67295,,
ESTAT:TPS00204(1.0),12/05/25 23:00:00,Annual,Live births - number,Ireland,2015,65536,,
ESTAT:TPS00204(1.0),12/05/25 23:00:00,Annual,Live births - number,Ireland,2016,63841,,
ESTAT:TPS00204(1.0),12/05/25 23:00:00,Annual,Live births - number,Ireland,2017,61824,,
ESTAT:TPS00204(1.0),12/05/25 23:00:00,Annual,Live births - number,Ireland,2018,61022,,
ESTAT:TPS00204(1.0),12/05/25 23:00:00,Annual,Live births - number,Ireland,2019,59289,,
ESTAT:TPS00204(1.0),12/05/25 23:00:00,Annual,Live births - number,Ireland,2020,55959,,
ESTAT:TPS00204(1.0),12/05/25 23:00:00,Annual,Live births - number,Ireland,2021,60553,,
ESTAT:TPS00204(1.0),12/05/25 23:00:00,Annual,Live births - number,Ireland,2022,54411,,
ESTAT:TPS00204(1.0),12/05/25 23:00:00,Annual,Live births - number,Ireland,2023,54472,,
ESTAT:TPS00204(1.0),12/05/25 23:00:00,Annual,Live births - number,Iceland,2012,4533,,
ESTAT:TPS00204(1.0),12/05/25 23:00:00,Annual,Live births - number,Iceland,2013,4326,,
ESTAT:TPS00204(1.0),12/05/25 23:00:00,Annual,Live births - number,Iceland,2014,4375,,
ESTAT:TPS00204(1.0),12/05/25 23:00:00,Annual,Live births - number,Iceland,2015,4129,,
ESTAT:TPS00204(1.0),12/05/25 23:00:00,Annual,Live births - number,Iceland,2016,4034,,
ESTAT:TPS00204(1.0),12/05/25 23:00:00,Annual,Live births - number,Iceland,2017,4071,,
ESTAT:TPS00204(1.0),12/05/25 23:00:00,Annual,Live births - number,Iceland,2018,4228,,
ESTAT:TPS00204(1.0),12/05/25 23:00:00,Annual,Live births - number,Iceland,2019,4452,,
ESTAT:TPS00204(1.0),12/05/25 23:00:00,Annual,Live births - number,Iceland,2020,4512,,
ESTAT:TPS00204(1.0),12/05/25 23:00:00,Annual,Live births - number,Iceland,2021,4879,,
ESTAT:TPS00204(1.0),12/05/25 23:00:00,Annual,Live births - number,Iceland,2022,4391,,
ESTAT:TPS00204(1.0),12/05/25 23:00:00,Annual,Live births - number,Iceland,2023,4315,,
ESTAT:TPS00204(1.0),12/05/25 23:00:00,Annual,Live births - number,Italy,2012,534186,,
ESTAT:TPS00204(1.0),12/05/25 23:00:00,Annual,Live births - number,Italy,2013,514308,,
ESTAT:TPS00204(1.0),12/05/25 23:00:00,Annual,Live births - number,Italy,2014,502596,,
ESTAT:TPS00204(1.0),12/05/25 23:00:00,Annual,Live births - number,Italy,2015,485780,,
ESTAT:TPS00204(1.0),12/05/25 23:00:00,Annual,Live births - number,Italy,2016,473438,,
ESTAT:TPS00204(1.0),12/05/25 23:00:00,Annual,Live births - number,Italy,2017,458151,,
ESTAT:TPS00204(1.0),12/05/25 23:00:00,Annual,Live births - number,Italy,2018,439747,,
ESTAT:TPS00204(1.0),12/05/25 23:00:00,Annual,Live births - number,Italy,2019,420084,,
ESTAT:TPS00204(1.0),12/05/25 23:00:00,Annual,Live births - number,Italy,2020,404892,,
ESTAT:TPS00204(1.0),12/05/25 23:00:00,Annual,Live births - number,Italy,2021,400249,,
ESTAT:TPS00204(1.0),12/05/25 23:00:00,Annual,Live births - number,Italy,2022,393333,,
ESTAT:TPS00204(1.0),12/05/25 23:00:00,Annual,Live births - number,Italy,2023,379890,,
ESTAT:TPS00204(1.0),12/05/25 23:00:00,Annual,Live births - number,Liechtenstein,2012,357,,
ESTAT:TPS00204(1.0),12/05/25 23:00:00,Annual,Live births - number,Liechtenstein,2013,339,,
ESTAT:TPS00204(1.0),12/05/25 23:00:00,Annual,Live births - number,Liechtenstein,2014,372,,
ESTAT:TPS00204(1.0),12/05/25 23:00:00,Annual,Live births - number,Liechtenstein,2015,325,,
ESTAT:TPS00204(1.0),12/05/25 23:00:00,Annual,Live births - number,Liechtenstein,2016,378,,
ESTAT:TPS00204(1.0),12/05/25 23:00:00,Annual,Live births - number,Liechtenstein,2017,338,,
ESTAT:TPS00204(1.0),12/05/25 23:00:00,Annual,Live births - number,Liechtenstein,2018,378,,
ESTAT:TPS00204(1.0),12/05/25 23:00:00,Annual,Live births - number,Liechtenstein,2019,356,,
ESTAT:TPS00204(1.0),12/05/25 23:00:00,Annual,Live births - number,Liechtenstein,2020,353,,
ESTAT:TPS00204(1.0),12/05/25 23:00:00,Annual,Live births - number,Liechtenstein,2021,375,,
ESTAT:TPS00204(1.0),12/05/25 23:00:00,Annual,Live births - number,Liechtenstein,2022,364,,
ESTAT:TPS00204(1.0),12/05/25 23:00:00,Annual,Live births - number,Liechtenstein,2023,361,,
ESTAT:TPS00204(1.0),12/05/25 23:00:00,Annual,Live births - number,Lithuania,2012,29944,,
ESTAT:TPS00204(1.0),12/05/25 23:00:00,Annual,Live births - number,Lithuania,2013,28861,,
ESTAT:TPS00204(1.0),12/05/25 23:00:00,Annual,Live births - number,Lithuania,2014,29364,,
ESTAT:TPS00204(1.0),12/05/25 23:00:00,Annual,Live births - number,Lithuania,2015,30065,,
ESTAT:TPS00204(1.0),12/05/25 23:00:00,Annual,Live births - number,Lithuania,2016,29514,,
ESTAT:TPS00204(1.0),12/05/25 23:00:00,Annual,Live births - number,Lithuania,2017,27911,,
ESTAT:TPS00204(1.0),12/05/25 23:00:00,Annual,Live births - number,Lithuania,2018,26792,,
ESTAT:TPS00204(1.0),12/05/25 23:00:00,Annual,Live births - number,Lithuania,2019,24973,,
ESTAT:TPS00204(1.0),12/05/25 23:00:00,Annual,Live births - number,Lithuania,2020,23556,,
ESTAT:TPS00204(1.0),12/05/25 23:00:00,Annual,Live births - number,Lithuania,2021,23330,,
ESTAT:TPS00204(1.0),12/05/25 23:00:00,Annual,Live births - number,Lithuania,2022,22068,,
ESTAT:TPS00204(1.0),12/05/25 23:00:00,Annual,Live births - number,Lithuania,2023,20623,,
ESTAT:TPS00204(1.0),12/05/25 23:00:00,Annual,Live births - number,Luxembourg,2012,6026,,
ESTAT:TPS00204(1.0),12/05/25 23:00:00,Annual,Live births - number,Luxembourg,2013,6115,,
ESTAT:TPS00204(1.0),12/05/25 23:00:00,Annual,Live births - number,Luxembourg,2014,6070,,
ESTAT:TPS00204(1.0),12/05/25 23:00:00,Annual,Live births - number,Luxembourg,2015,6115,,
ESTAT:TPS00204(1.0),12/05/25 23:00:00,Annual,Live births - number,Luxembourg,2016,6050,,
ESTAT:TPS00204(1.0),12/05/25 23:00:00,Annual,Live births - number,Luxembourg,2017,6174,,
ESTAT:TPS00204(1.0),12/05/25 23:00:00,Annual,Live births - number,Luxembourg,2018,6274,,
ESTAT:TPS00204(1.0),12/05/25 23:00:00,Annual,Live births - number,Luxembourg,2019,6230,,
ESTAT:TPS00204(1.0),12/05/25 23:00:00,Annual,Live births - number,Luxembourg,2020,6459,,
ESTAT:TPS00204(1.0),12/05/25 23:00:00,Annual,Live births - number,Luxembourg,2021,6690,,
ESTAT:TPS00204(1.0),12/05/25 23:00:00,Annual,Live births - number,Luxembourg,2022,6495,,
ESTAT:TPS00204(1.0),12/05/25 23:00:00,Annual,Live births - number,Luxembourg,2023,6320,,
ESTAT:TPS00204(1.0),12/05/25 23:00:00,Annual,Live births - number,Latvia,2012,19897,,
ESTAT:TPS00204(1.0),12/05/25 23:00:00,Annual,Live births - number,Latvia,2013,20596,,
ESTAT:TPS00204(1.0),12/05/25 23:00:00,Annual,Live births - number,Latvia,2014,21746,,
ESTAT:TPS00204(1.0),12/05/25 23:00:00,Annual,Live births - number,Latvia,2015,21979,,
ESTAT:TPS00204(1.0),12/05/25 23:00:00,Annual,Live births - number,Latvia,2016,21968,,
ESTAT:TPS00204(1.0),12/05/25 23:00:00,Annual,Live births - number,Latvia,2017,20828,,
ESTAT:TPS00204(1.0),12/05/25 23:00:00,Annual,Live births - number,Latvia,2018,19314,,
ESTAT:TPS00204(1.0),12/05/25 23:00:00,Annual,Live births - number,Latvia,2019,18786,,
ESTAT:TPS00204(1.0),12/05/25 23:00:00,Annual,Live births - number,Latvia,2020,17552,,
ESTAT:TPS00204(1.0),12/05/25 23:00:00,Annual,Live births - number,Latvia,2021,17420,,
ESTAT:TPS00204(1.0),12/05/25 23:00:00,Annual,Live births - number,Latvia,2022,15954,,
ESTAT:TPS00204(1.0),12/05/25 23:00:00,Annual,Live births - number,Latvia,2023,14490,,
ESTAT:TPS00204(1.0),12/05/25 23:00:00,Annual,Live births - number,Monaco,2015,308,e,
ESTAT:TPS00204(1.0),12/05/25 23:00:00,Annual,Live births - number,Monaco,2016,295,e,
ESTAT:TPS00204(1.0),12/05/25 23:00:00,Annual,Live births - number,Monaco,2018,227,e,
ESTAT:TPS00204(1.0),12/05/25 23:00:00,Annual,Live births - number,Monaco,2023,247,,
ESTAT:TPS00204(1.0),12/05/25 23:00:00,Annual,Live births - number,Moldova,2012,39435,,
ESTAT:TPS00204(1.0),12/05/25 23:00:00,Annual,Live births - number,Moldova,2013,37871,,
ESTAT:TPS00204(1.0),12/05/25 23:00:00,Annual,Live births - number,Moldova,2014,38616,,
ESTAT:TPS00204(1.0),12/05/25 23:00:00,Annual,Live births - number,Moldova,2015,40547,,
ESTAT:TPS00204(1.0),12/05/25 23:00:00,Annual,Live births - number,Moldova,2016,37394,,
ESTAT:TPS00204(1.0),12/05/25 23:00:00,Annual,Live births - number,Moldova,2017,36363,,
ESTAT:TPS00204(1.0),12/05/25 23:00:00,Annual,Live births - number,Moldova,2018,34537,,
ESTAT:TPS00204(1.0),12/05/25 23:00:00,Annual,Live births - number,Moldova,2019,32423,,
ESTAT:TPS00204(1.0),12/05/25 23:00:00,Annual,Live births - number,Moldova,2020,30730,,
ESTAT:TPS00204(1.0),12/05/25 23:00:00,Annual,Live births - number,Moldova,2021,29230,p,
ESTAT:TPS00204(1.0),12/05/25 23:00:00,Annual,Live births - number,Moldova,2022,26952,p,
ESTAT:TPS00204(1.0),12/05/25 23:00:00,Annual,Live births - number,Moldova,2023,24123,,
ESTAT:TPS00204(1.0),12/05/25 23:00:00,Annual,Live births - number,Montenegro,2012,7459,,
ESTAT:TPS00204(1.0),12/05/25 23:00:00,Annual,Live births - number,Montenegro,2013,7475,,
ESTAT:TPS00204(1.0),12/05/25 23:00:00,Annual,Live births - number,Montenegro,2014,7529,,
ESTAT:TPS00204(1.0),12/05/25 23:00:00,Annual,Live births - number,Montenegro,2015,7386,,
ESTAT:TPS00204(1.0),12/05/25 23:00:00,Annual,Live births - number,Montenegro,2016,7569,,
ESTAT:TPS00204(1.0),12/05/25 23:00:00,Annual,Live births - number,Montenegro,2017,7432,,
ESTAT:TPS00204(1.0),12/05/25 23:00:00,Annual,Live births - number,Montenegro,2018,7264,,
ESTAT:TPS00204(1.0),12/05/25 23:00:00,Annual,Live births - number,Montenegro,2019,7223,,
ESTAT:TPS00204(1.0),12/05/25 23:00:00,Annual,Live births - number,Montenegro,2020,7097,,
ESTAT:TPS00204(1.0),12/05/25 23:00:00,Annual,Live births - number,Montenegro,2021,7033,,
ESTAT:TPS00204(1.0),12/05/25 23:00:00,Annual,Live births - number,Montenegro,2022,7021,,
ESTAT:TPS00204(1.0),12/05/25 23:00:00,Annual,Live births - number,Montenegro,2023,7008,,
ESTAT:TPS00204(1.0),12/05/25 23:00:00,Annual,Live births - number,North Macedonia,2012,23568,,
ESTAT:TPS00204(1.0),12/05/25 23:00:00,Annual,Live births - number,North Macedonia,2013,23138,e,
ESTAT:TPS00204(1.0),12/05/25 23:00:00,Annual,Live births - number,North Macedonia,2014,23596,e,
ESTAT:TPS00204(1.0),12/05/25 23:00:00,Annual,Live births - number,North Macedonia,2015,23075,e,
ESTAT:TPS00204(1.0),12/05/25 23:00:00,Annual,Live births - number,North Macedonia,2016,23002,e,
ESTAT:TPS00204(1.0),12/05/25 23:00:00,Annual,Live births - number,North Macedonia,2017,21754,e,
ESTAT:TPS00204(1.0),12/05/25 23:00:00,Annual,Live births - number,North Macedonia,2018,21333,,
ESTAT:TPS00204(1.0),12/05/25 23:00:00,Annual,Live births - number,North Macedonia,2019,19845,,
ESTAT:TPS00204(1.0),12/05/25 23:00:00,Annual,Live births - number,North Macedonia,2020,19031,,
ESTAT:TPS00204(1.0),12/05/25 23:00:00,Annual,Live births - number,North Macedonia,2021,18648,,
ESTAT:TPS00204(1.0),12/05/25 23:00:00,Annual,Live births - number,North Macedonia,2022,18073,,
ESTAT:TPS00204(1.0),12/05/25 23:00:00,Annual,Live births - number,North Macedonia,2023,16737,,
ESTAT:TPS00204(1.0),12/05/25 23:00:00,Annual,Live births - number,Malta,2012,4130,,
ESTAT:TPS00204(1.0),12/05/25 23:00:00,Annual,Live births - number,Malta,2013,4032,,
ESTAT:TPS00204(1.0),12/05/25 23:00:00,Annual,Live births - number,Malta,2014,4191,,
ESTAT:TPS00204(1.0),12/05/25 23:00:00,Annual,Live births - number,Malta,2015,4325,,
ESTAT:TPS00204(1.0),12/05/25 23:00:00,Annual,Live births - number,Malta,2016,4476,,
ESTAT:TPS00204(1.0),12/05/25 23:00:00,Annual,Live births - number,Malta,2017,4319,,
ESTAT:TPS00204(1.0),12/05/25 23:00:00,Annual,Live births - number,Malta,2018,4444,,
ESTAT:TPS00204(1.0),12/05/25 23:00:00,Annual,Live births - number,Malta,2019,4350,,
ESTAT:TPS00204(1.0),12/05/25 23:00:00,Annual,Live births - number,Malta,2020,4414,,
ESTAT:TPS00204(1.0),12/05/25 23:00:00,Annual,Live births - number,Malta,2021,4395,,
ESTAT:TPS00204(1.0),12/05/25 23:00:00,Annual,Live births - number,Malta,2022,4309,,
ESTAT:TPS00204(1.0),12/05/25 23:00:00,Annual,Live births - number,Malta,2023,4462,,
ESTAT:TPS00204(1.0),12/05/25 23:00:00,Annual,Live births - number,Netherlands,2012,175959,,
ESTAT:TPS00204(1.0),12/05/25 23:00:00,Annual,Live births - number,Netherlands,2013,171341,,
ESTAT:TPS00204(1.0),12/05/25 23:00:00,Annual,Live births - number,Netherlands,2014,175181,,
ESTAT:TPS00204(1.0),12/05/25 23:00:00,Annual,Live births - number,Netherlands,2015,170510,,
ESTAT:TPS00204(1.0),12/05/25 23:00:00,Annual,Live births - number,Netherlands,2016,172520,,
ESTAT:TPS00204(1.0),12/05/25 23:00:00,Annual,Live births - number,Netherlands,2017,169836,,
ESTAT:TPS00204(1.0),12/05/25 23:00:00,Annual,Live births - number,Netherlands,2018,168525,,
ESTAT:TPS00204(1.0),12/05/25 23:00:00,Annual,Live births - number,Netherlands,2019,169680,,
ESTAT:TPS00204(1.0),12/05/25 23:00:00,Annual,Live births - number,Netherlands,2020,168681,,
ESTAT:TPS00204(1.0),12/05/25 23:00:00,Annual,Live births - number,Netherlands,2021,179441,,
ESTAT:TPS00204(1.0),12/05/25 23:00:00,Annual,Live births - number,Netherlands,2022,167504,,
ESTAT:TPS00204(1.0),12/05/25 23:00:00,Annual,Live births - number,Netherlands,2023,164487,,
ESTAT:TPS00204(1.0),12/05/25 23:00:00,Annual,Live births - number,Norway,2012,60255,,
ESTAT:TPS00204(1.0),12/05/25 23:00:00,Annual,Live births - number,Norway,2013,58878,,
ESTAT:TPS00204(1.0),12/05/25 23:00:00,Annual,Live births - number,Norway,2014,58976,,
ESTAT:TPS00204(1.0),12/05/25 23:00:00,Annual,Live births - number,Norway,2015,58815,,
ESTAT:TPS00204(1.0),12/05/25 23:00:00,Annual,Live births - number,Norway,2016,58890,,
ESTAT:TPS00204(1.0),12/05/25 23:00:00,Annual,Live births - number,Norway,2017,56633,,
ESTAT:TPS00204(1.0),12/05/25 23:00:00,Annual,Live births - number,Norway,2018,55120,,
ESTAT:TPS00204(1.0),12/05/25 23:00:00,Annual,Live births - number,Norway,2019,54495,,
ESTAT:TPS00204(1.0),12/05/25 23:00:00,Annual,Live births - number,Norway,2020,52979,,
ESTAT:TPS00204(1.0),12/05/25 23:00:00,Annual,Live births - number,Norway,2021,56060,,
ESTAT:TPS00204(1.0),12/05/25 23:00:00,Annual,Live births - number,Norway,2022,51480,,
ESTAT:TPS00204(1.0),12/05/25 23:00:00,Annual,Live births - number,Norway,2023,51983,,
ESTAT:TPS00204(1.0),12/05/25 23:00:00,Annual,Live births - number,Poland,2012,386257,,
ESTAT:TPS00204(1.0),12/05/25 23:00:00,Annual,Live births - number,Poland,2013,369576,,
ESTAT:TPS00204(1.0),12/05/25 23:00:00,Annual,Live births - number,Poland,2014,375160,,
ESTAT:TPS00204(1.0),12/05/25 23:00:00,Annual,Live births - number,Poland,2015,369308,,
ESTAT:TPS00204(1.0),12/05/25 23:00:00,Annual,Live births - number,Poland,2016,382257,,
ESTAT:TPS00204(1.0),12/05/25 23:00:00,Annual,Live births - number,Poland,2017,401982,,
ESTAT:TPS00204(1.0),12/05/25 23:00:00,Annual,Live births - number,Poland,2018,388178,,
ESTAT:TPS00204(1.0),12/05/25 23:00:00,Annual,Live births - number,Poland,2019,374954,,
ESTAT:TPS00204(1.0),12/05/25 23:00:00,Annual,Live births - number,Poland,2020,355309,,
ESTAT:TPS00204(1.0),12/05/25 23:00:00,Annual,Live births - number,Poland,2021,331511,,
ESTAT:TPS00204(1.0),12/05/25 23:00:00,Annual,Live births - number,Poland,2022,305132,,
ESTAT:TPS00204(1.0),12/05/25 23:00:00,Annual,Live births - number,Poland,2023,272451,,
ESTAT:TPS00204(1.0),12/05/25 23:00:00,Annual,Live births - number,Portugal,2012,89841,,
ESTAT:TPS00204(1.0),12/05/25 23:00:00,Annual,Live births - number,Portugal,2013,82787,,
ESTAT:TPS00204(1.0),12/05/25 23:00:00,Annual,Live births - number,Portugal,2014,82367,,
ESTAT:TPS00204(1.0),12/05/25 23:00:00,Annual,Live births - number,Portugal,2015,85500,,
ESTAT:TPS00204(1.0),12/05/25 23:00:00,Annual,Live births - number,Portugal,2016,87126,,
ESTAT:TPS00204(1.0),12/05/25 23:00:00,Annual,Live births - number,Portugal,2017,86154,,
ESTAT:TPS00204(1.0),12/05/25 23:00:00,Annual,Live births - number,Portugal,2018,87020,,
ESTAT:TPS00204(1.0),12/05/25 23:00:00,Annual,Live births - number,Portugal,2019,86579,,
ESTAT:TPS00204(1.0),12/05/25 23:00:00,Annual,Live births - number,Portugal,2020,84530,,
ESTAT:TPS00204(1.0),12/05/25 23:00:00,Annual,Live births - number,Portugal,2021,79582,,
ESTAT:TPS00204(1.0),12/05/25 23:00:00,Annual,Live births - number,Portugal,2022,83671,,
ESTAT:TPS00204(1.0),12/05/25 23:00:00,Annual,Live births - number,Portugal,2023,85699,,
ESTAT:TPS00204(1.0),12/05/25 23:00:00,Annual,Live births - number,Romania,2012,201104,,
ESTAT:TPS00204(1.0),12/05/25 23:00:00,Annual,Live births - number,Romania,2013,188599,,
ESTAT:TPS00204(1.0),12/05/25 23:00:00,Annual,Live births - number,Romania,2014,198740,,
ESTAT:TPS00204(1.0),12/05/25 23:00:00,Annual,Live births - number,Romania,2015,201995,,
ESTAT:TPS00204(1.0),12/05/25 23:00:00,Annual,Live births - number,Romania,2016,205773,,
ESTAT:TPS00204(1.0),12/05/25 23:00:00,Annual,Live births - number,Romania,2017,210590,,
ESTAT:TPS00204(1.0),12/05/25 23:00:00,Annual,Live births - number,Romania,2018,202744,,
ESTAT:TPS00204(1.0),12/05/25 23:00:00,Annual,Live births - number,Romania,2019,199720,,
ESTAT:TPS00204(1.0),12/05/25 23:00:00,Annual,Live births - number,Romania,2020,198302,,
ESTAT:TPS00204(1.0),12/05/25 23:00:00,Annual,Live births - number,Romania,2021,193191,,
ESTAT:TPS00204(1.0),12/05/25 23:00:00,Annual,Live births - number,Romania,2022,178233,,
ESTAT:TPS00204(1.0),12/05/25 23:00:00,Annual,Live births - number,Romania,2023,160078,,
ESTAT:TPS00204(1.0),12/05/25 23:00:00,Annual,Live births - number,Serbia,2012,67257,,
ESTAT:TPS00204(1.0),12/05/25 23:00:00,Annual,Live births - number,Serbia,2013,65554,,
ESTAT:TPS00204(1.0),12/05/25 23:00:00,Annual,Live births - number,Serbia,2014,66461,,
ESTAT:TPS00204(1.0),12/05/25 23:00:00,Annual,Live births - number,Serbia,2015,65657,,
ESTAT:TPS00204(1.0),12/05/25 23:00:00,Annual,Live births - number,Serbia,2016,64734,,
ESTAT:TPS00204(1.0),12/05/25 23:00:00,Annual,Live births - number,Serbia,2017,64894,,
ESTAT:TPS00204(1.0),12/05/25 23:00:00,Annual,Live births - number,Serbia,2018,63975,,
ESTAT:TPS00204(1.0),12/05/25 23:00:00,Annual,Live births - number,Serbia,2019,64399,,
ESTAT:TPS00204(1.0),12/05/25 23:00:00,Annual,Live births - number,Serbia,2020,61692,,
ESTAT:TPS00204(1.0),12/05/25 23:00:00,Annual,Live births - number,Serbia,2021,62180,,
ESTAT:TPS00204(1.0),12/05/25 23:00:00,Annual,Live births - number,Serbia,2022,62700,,
ESTAT:TPS00204(1.0),12/05/25 23:00:00,Annual,Live births - number,Serbia,2023,61052,,
ESTAT:TPS00204(1.0),12/05/25 23:00:00,Annual,Live births - number,Russia,2013,1895822,,
ESTAT:TPS00204(1.0),12/05/25 23:00:00,Annual,Live births - number,Russia,2014,1913472,,
ESTAT:TPS00204(1.0),12/05/25 23:00:00,Annual,Live births - number,Sweden,2012,113177,,
ESTAT:TPS00204(1.0),12/05/25 23:00:00,Annual,Live births - number,Sweden,2013,113593,,
ESTAT:TPS00204(1.0),12/05/25 23:00:00,Annual,Live births - number,Sweden,2014,114907,,
ESTAT:TPS00204(1.0),12/05/25 23:00:00,Annual,Live births - number,Sweden,2015,114870,,
ESTAT:TPS00204(1.0),12/05/25 23:00:00,Annual,Live births - number,Sweden,2016,117425,,
ESTAT:TPS00204(1.0),12/05/25 23:00:00,Annual,Live births - number,Sweden,2017,115416,,
ESTAT:TPS00204(1.0),12/05/25 23:00:00,Annual,Live births - number,Sweden,2018,115832,,
ESTAT:TPS00204(1.0),12/05/25 23:00:00,Annual,Live births - number,Sweden,2019,114523,,
ESTAT:TPS00204(1.0),12/05/25 23:00:00,Annual,Live births - number,Sweden,2020,113077,,
ESTAT:TPS00204(1.0),12/05/25 23:00:00,Annual,Live births - number,Sweden,2021,114263,,
ESTAT:TPS00204(1.0),12/05/25 23:00:00,Annual,Live births - number,Sweden,2022,104734,,
ESTAT:TPS00204(1.0),12/05/25 23:00:00,Annual,Live births - number,Sweden,2023,100051,,
ESTAT:TPS00204(1.0),12/05/25 23:00:00,Annual,Live births - number,Slovenia,2012,21938,,
ESTAT:TPS00204(1.0),12/05/25 23:00:00,Annual,Live births - number,Slovenia,2013,21111,,
ESTAT:TPS00204(1.0),12/05/25 23:00:00,Annual,Live births - number,Slovenia,2014,21165,,
ESTAT:TPS00204(1.0),12/05/25 23:00:00,Annual,Live births - number,Slovenia,2015,20641,,
ESTAT:TPS00204(1.0),12/05/25 23:00:00,Annual,Live births - number,Slovenia,2016,20345,,
ESTAT:TPS00204(1.0),12/05/25 23:00:00,Annual,Live births - number,Slovenia,2017,20241,,
ESTAT:TPS00204(1.0),12/05/25 23:00:00,Annual,Live births - number,Slovenia,2018,19585,,
ESTAT:TPS00204(1.0),12/05/25 23:00:00,Annual,Live births - number,Slovenia,2019,19328,,
ESTAT:TPS00204(1.0),12/05/25 23:00:00,Annual,Live births - number,Slovenia,2020,18767,,
ESTAT:TPS00204(1.0),12/05/25 23:00:00,Annual,Live births - number,Slovenia,2021,18984,,
ESTAT:TPS00204(1.0),12/05/25 23:00:00,Annual,Live births - number,Slovenia,2022,17627,,
ESTAT:TPS00204(1.0),12/05/25 23:00:00,Annual,Live births - number,Slovenia,2023,16989,,
ESTAT:TPS00204(1.0),12/05/25 23:00:00,Annual,Live births - number,Slovakia,2012,55535,,
ESTAT:TPS00204(1.0),12/05/25 23:00:00,Annual,Live births - number,Slovakia,2013,54823,,
ESTAT:TPS00204(1.0),12/05/25 23:00:00,Annual,Live births - number,Slovakia,2014,55033,,
ESTAT:TPS00204(1.0),12/05/25 23:00:00,Annual,Live births - number,Slovakia,2015,55602,,
ESTAT:TPS00204(1.0),12/05/25 23:00:00,Annual,Live births - number,Slovakia,2016,57557,,
ESTAT:TPS00204(1.0),12/05/25 23:00:00,Annual,Live births - number,Slovakia,2017,57969,,
ESTAT:TPS00204(1.0),12/05/25 23:00:00,Annual,Live births - number,Slovakia,2018,57639,,
ESTAT:TPS00204(1.0),12/05/25 23:00:00,Annual,Live births - number,Slovakia,2019,57054,,
ESTAT:TPS00204(1.0),12/05/25 23:00:00,Annual,Live births - number,Slovakia,2020,56650,,
ESTAT:TPS00204(1.0),12/05/25 23:00:00,Annual,Live births - number,Slovakia,2021,56565,,
ESTAT:TPS00204(1.0),12/05/25 23:00:00,Annual,Live births - number,Slovakia,2022,52668,,
ESTAT:TPS00204(1.0),12/05/25 23:00:00,Annual,Live births - number,Slovakia,2023,48627,,
ESTAT:TPS00204(1.0),12/05/25 23:00:00,Annual,Live births - number,San Marino,2012,292,,
ESTAT:TPS00204(1.0),12/05/25 23:00:00,Annual,Live births - number,San Marino,2013,320,,
ESTAT:TPS00204(1.0),12/05/25 23:00:00,Annual,Live births - number,San Marino,2014,296,,
ESTAT:TPS00204(1.0),12/05/25 23:00:00,Annual,Live births - number,San Marino,2015,269,,
ESTAT:TPS00204(1.0),12/05/25 23:00:00,Annual,Live births - number,San Marino,2016,262,,
ESTAT:TPS00204(1.0),12/05/25 23:00:00,Annual,Live births - number,San Marino,2017,228,,
ESTAT:TPS00204(1.0),12/05/25 23:00:00,Annual,Live births - number,San Marino,2018,235,,
ESTAT:TPS00204(1.0),12/05/25 23:00:00,Annual,Live births - number,San Marino,2019,232,,
ESTAT:TPS00204(1.0),12/05/25 23:00:00,Annual,Live births - number,San Marino,2021,212,,
ESTAT:TPS00204(1.0),12/05/25 23:00:00,Annual,Live births - number,San Marino,2022,205,,
ESTAT:TPS00204(1.0),12/05/25 23:00:00,Annual,Live births - number,Türkiye,2012,1279864,,
ESTAT:TPS00204(1.0),12/05/25 23:00:00,Annual,Live births - number,Türkiye,2013,1283062,,
ESTAT:TPS00204(1.0),12/05/25 23:00:00,Annual,Live births - number,Türkiye,2014,1337504,,
ESTAT:TPS00204(1.0),12/05/25 23:00:00,Annual,Live births - number,Türkiye,2015,1325783,,
ESTAT:TPS00204(1.0),12/05/25 23:00:00,Annual,Live births - number,Türkiye,2016,1309771,,
ESTAT:TPS00204(1.0),12/05/25 23:00:00,Annual,Live births - number,Türkiye,2017,1291055,,
ESTAT:TPS00204(1.0),12/05/25 23:00:00,Annual,Live births - number,Türkiye,2018,1248847,,
ESTAT:TPS00204(1.0),12/05/25 23:00:00,Annual,Live births - number,Türkiye,2019,1183652,,
ESTAT:TPS00204(1.0),12/05/25 23:00:00,Annual,Live births - number,Türkiye,2020,1112859,,
ESTAT:TPS00204(1.0),12/05/25 23:00:00,Annual,Live births - number,Türkiye,2021,1079842,,
ESTAT:TPS00204(1.0),12/05/25 23:00:00,Annual,Live births - number,Türkiye,2022,1035795,,
ESTAT:TPS00204(1.0),12/05/25 23:00:00,Annual,Live births - number,Türkiye,2023,958408,,
ESTAT:TPS00204(1.0),12/05/25 23:00:00,Annual,Live births - number,Ukraine,2012,520705,,
ESTAT:TPS00204(1.0),12/05/25 23:00:00,Annual,Live births - number,Ukraine,2013,503657,,
ESTAT:TPS00204(1.0),12/05/25 23:00:00,Annual,Live births - number,Ukraine,2014,465882,,
ESTAT:TPS00204(1.0),12/05/25 23:00:00,Annual,Live births - number,Ukraine,2015,411781,,
ESTAT:TPS00204(1.0),12/05/25 23:00:00,Annual,Live births - number,Ukraine,2016,397037,,
ESTAT:TPS00204(1.0),12/05/25 23:00:00,Annual,Live births - number,Ukraine,2017,363987,,
ESTAT:TPS00204(1.0),12/05/25 23:00:00,Annual,Live births - number,Ukraine,2018,335874,,
ESTAT:TPS00204(1.0),12/05/25 23:00:00,Annual,Live births - number,Ukraine,2019,308817,,
ESTAT:TPS00204(1.0),12/05/25 23:00:00,Annual,Live births - number,Ukraine,2020,293457,,
ESTAT:TPS00204(1.0),12/05/25 23:00:00,Annual,Live births - number,United Kingdom,2012,812970,,
ESTAT:TPS00204(1.0),12/05/25 23:00:00,Annual,Live births - number,United Kingdom,2013,778358,,
ESTAT:TPS00204(1.0),12/05/25 23:00:00,Annual,Live births - number,United Kingdom,2014,775908,,
ESTAT:TPS00204(1.0),12/05/25 23:00:00,Annual,Live births - number,United Kingdom,2015,776746,,
ESTAT:TPS00204(1.0),12/05/25 23:00:00,Annual,Live births - number,United Kingdom,2016,774386,,
ESTAT:TPS00204(1.0),12/05/25 23:00:00,Annual,Live births - number,United Kingdom,2017,754754,,
ESTAT:TPS00204(1.0),12/05/25 23:00:00,Annual,Live births - number,United Kingdom,2018,730918,,
ESTAT:TPS00204(1.0),12/05/25 23:00:00,Annual,Live births - number,United Kingdom,2019,712699,p,
ESTAT:TPS00204(1.0),12/05/25 23:00:00,Annual,Live births - number,Kosovo*,2012,27743,,
ESTAT:TPS00204(1.0),12/05/25 23:00:00,Annual,Live births - number,Kosovo*,2013,29327,,
ESTAT:TPS00204(1.0),12/05/25 23:00:00,Annual,Live births - number,Kosovo*,2014,25929,,
ESTAT:TPS00204(1.0),12/05/25 23:00:00,Annual,Live births - number,Kosovo*,2015,24594,,
ESTAT:TPS00204(1.0),12/05/25 23:00:00,Annual,Live births - number,Kosovo*,2016,23416,,
ESTAT:TPS00204(1.0),12/05/25 23:00:00,Annual,Live births - number,Kosovo*,2017,23402,,
ESTAT:TPS00204(1.0),12/05/25 23:00:00,Annual,Live births - number,Kosovo*,2018,22761,,
ESTAT:TPS00204(1.0),12/05/25 23:00:00,Annual,Live births - number,Kosovo*,2019,21798,,
ESTAT:TPS00204(1.0),12/05/25 23:00:00,Annual,Live births - number,Kosovo*,2020,27709,p,
ESTAT:TPS00204(1.0),12/05/25 23:00:00,Annual,Live births - number,Kosovo*,2021,22830,,
